{
  "type": "minecraft:confirmation",
  "body": [
    {
      "type": "minecraft:plain_message",
      "contents": {
        "translate": "menu.nice_actions.restore.description",
        "fallback": "Proceeding will reset all configured values. Do you want to continue?"
      },
      "width": 512
    }
  ],
  "can_close_with_escape": true,
  "external_title": {
    "translate": "menu.nice_actions.restore.title",
    "fallback": "Restore Default Values"
  },
  "title": {
    "translate": "menu.nice_actions.config.main.title",
    "fallback": "Nice Actions: Admin Configuration"
  },
  "yes": {
    "label": {
      "translate": "option.nice_actions.confirm",
      "fallback": "Confirm"
    },
    "action": {
      "type": "run_command",
      "command": "function nice_actions:dialog/command_template/config/restore_default"
    }
  },
  "no": {
    "label": {
      "translate": "option.nice_actions.back",
      "fallback": "Back"
    },
    "action": {
      "type": "show_dialog",
      "dialog": "nice_actions:config/main"
    }
  }
}