{
  "type": "minecraft:command",
  "pools": [
    {
      "bonus_rolls": 0,
      "entries": [
        {
          "type": "minecraft:tag",
          "name": "minecraft:harnesses",
          "expand": true,
          "weight": 2
        },
        {
          "type": "minecraft:tag",
          "name": "nice_actions:horse_armor",
          "expand": true,
          "weight": 5
        },
        {
          "type": "minecraft:item",
          "name": "minecraft:hay_block",
          "weight": 8,
          "functions": [
            {
              "function": "minecraft:set_count",
              "count": {
                "type": "minecraft:uniform",
                "min": 8,
                "max": 64
              }
            }
          ]
        },
        {
          "type": "minecraft:item",
          "name": "minecraft:lead",
          "weight": 8,
          "functions": [
            {
              "function": "minecraft:set_count",
              "count": {
                "type": "minecraft:uniform",
                "min": 8,
                "max": 64
              }
            }
          ]
        },
        {
          "type": "minecraft:item",
          "name": "minecraft:name_tag",
          "weight": 8,
          "functions": [
            {
              "function": "minecraft:set_count",
              "count": {
                "type": "minecraft:uniform",
                "min": 8,
                "max": 64
              }
            }
          ]
        },
        {
          "type": "minecraft:tag",
          "name": "nice_actions:bucket_animals",
          "expand": true,
          "weight": 5
        },
        {
          "type": "minecraft:item",
          "name": "minecraft:axolotl_bucket",
          "weight": 1,
          "functions": [
            {
              "function": "minecraft:set_components",
              "components": {
                "minecraft:axolotl/variant": "blue"
              }
            }
          ]
        },
        {
          "type": "minecraft:item",
          "name": "minecraft:egg",
          "weight": 8,
          "functions": [
            {
              "function": "minecraft:set_count",
              "count": {
                "type": "minecraft:uniform",
                "min": 4,
                "max": 16
              }
            }
          ]
        },
        {
          "type": "minecraft:item",
          "name": "minecraft:brown_egg",
          "weight": 8,
          "functions": [
            {
              "function": "minecraft:set_count",
              "count": {
                "type": "minecraft:uniform",
                "min": 4,
                "max": 16
              }
            }
          ]
        },
        {
          "type": "minecraft:item",
          "name": "minecraft:blue_egg",
          "weight": 8,
          "functions": [
            {
              "function": "minecraft:set_count",
              "count": {
                "type": "minecraft:uniform",
                "min": 4,
                "max": 16
              }
            }
          ]
        },
        {
          "type": "minecraft:item",
          "name": "minecraft:bone",
          "weight": 8,
          "functions": [
            {
              "function": "minecraft:set_count",
              "count": {
                "type": "minecraft:uniform",
                "min": 8,
                "max": 64
              }
            }
          ]
        },
        {
          "type": "minecraft:item",
          "name": "minecraft:carrot_on_a_stick",
          "weight": 2,
          "functions": [
            {
              "function": "minecraft:set_enchantments",
              "enchantments": {
                "minecraft:unbreaking": 10
              }
            }
          ]
        },
        {
          "type": "minecraft:item",
          "name": "minecraft:warped_fungus_on_a_stick",
          "weight": 2,
          "functions": [
            {
              "function": "minecraft:set_enchantments",
              "enchantments": {
                "minecraft:unbreaking": 10
              }
            }
          ]
        },
        {
          "type": "minecraft:item",
          "name": "minecraft:dried_ghast",
          "weight": 3
        },
        {
          "type": "minecraft:item",
          "name": "minecraft:sniffer_egg",
          "weight": 3
        },
        {
          "type": "minecraft:item",
          "name": "minecraft:wolf_armor",
          "weight": 3
        },
        {
          "type": "minecraft:item",
          "name": "minecraft:turtle_egg",
          "weight": 6,
          "functions": [
            {
              "function": "minecraft:set_count",
              "count": {
                "type": "minecraft:uniform",
                "min": 4,
                "max": 16
              }
            }
          ]
        }
      ],
      "rolls": 1
    }
  ]
}