{
  "type": "minecraft:command",
  "pools": [
    {
      "rolls": 1,
      "entries": [
        {
          "type": "minecraft:item",
          "name": "minecraft:book",
          "weight": 5,
          "functions": [
            {
              "function": "minecraft:enchant_with_levels",
              "levels": {
                "type": "minecraft:uniform",
                "min": 5,
                "max": 30
              },
              "options": "#minecraft:non_treasure"
            }
          ]
        },
        {
          "type": "minecraft:item",
          "name": "minecraft:heart_of_the_sea",
          "weight": 10
        },
        {
          "type": "minecraft:item",
          "name": "minecraft:dark_prismarine",
          "weight": 10,
          "functions": [
            {
              "function": "minecraft:set_count",
              "count": {
                "type": "minecraft:uniform",
                "min": 32,
                "max": 96
              }
            }
          ]
        },
        {
          "type": "minecraft:item",
          "name": "minecraft:prismarine",
          "weight": 10,
          "functions": [
            {
              "function": "minecraft:set_count",
              "count": {
                "type": "minecraft:uniform",
                "min": 32,
                "max": 96
              }
            }
          ]
        },
        {
          "type": "minecraft:item",
          "name": "minecraft:prismarine_bricks",
          "weight": 10,
          "functions": [
            {
              "function": "minecraft:set_count",
              "count": {
                "type": "minecraft:uniform",
                "min": 32,
                "max": 96
              }
            }
          ]
        },
        {
          "type": "minecraft:item",
          "name": "minecraft:sea_lantern",
          "weight": 10,
          "functions": [
            {
              "function": "minecraft:set_count",
              "count": {
                "type": "minecraft:uniform",
                "min": 32,
                "max": 96
              }
            }
          ]
        },
        {
          "type": "minecraft:item",
          "name": "minecraft:trident",
          "weight": 5,
          "functions": [
            {
              "function": "minecraft:enchant_with_levels",
              "levels": {
                "type": "minecraft:uniform",
                "min": 1,
                "max": 15
              },
              "options": "#minecraft:on_random_loot"
            }
          ]
        },
        {
          "type": "minecraft:item",
          "name": "minecraft:conduit",
          "weight": 2
        },
        {
          "type": "minecraft:item",
          "name": "minecraft:chest",
          "weight": 5,
          "functions": [
            {
              "function": "minecraft:set_loot_table",
              "type": "minecraft:chest",
              "name": "minecraft:chests/buried_treasure"
            },
            {
              "function": "minecraft:set_components",
              "components": {
                "minecraft:rarity": "rare",
                "minecraft:item_name": {
                  "translate": "item.nice_actions.sunken_treasure_chest",
                  "fallback": "Sunken Treasure Chest"
                }
              }
            }
          ]
        },
        {
          "type": "minecraft:item",
          "name": "minecraft:chest",
          "weight": 5,
          "functions": [
            {
              "function": "minecraft:set_loot_table",
              "type": "minecraft:chest",
              "name": "minecraft:chests/shipwreck_treasure"
            },
            {
              "function": "minecraft:set_components",
              "components": {
                "minecraft:rarity": "rare",
                "minecraft:item_name": {
                  "translate": "item.nice_actions.sunken_treasure_chest",
                  "fallback": "Sunken Treasure Chest"
                }
              }
            }
          ]
        },
        {
          "type": "minecraft:item",
          "name": "minecraft:fishing_rod",
          "weight": 7,
          "functions": [
            {
              "function": "minecraft:enchant_randomly",
              "options": "#minecraft:on_random_loot",
              "only_compatible": true
            }
          ]
        }
      ]
    }
  ]
}